{
  "model_name": "linear_regression",
  "test_r2": 0.8479073644550483,
  "test_rmse": 4.033623876090692,
  "cv_scores_r2": [
    0.8445051634195117,
    0.849636007640923,
    0.8472502531445242,
    0.8461174871617442,
    0.846693044855873
  ],
  "cv_mean_r2": 0.8468403912445153,
  "feature_importance": null
}